-- phpMyAdmin SQL Dump
-- version 5.2.0
-- https://www.phpmyadmin.net/
--
-- Host: 127.0.0.1
-- Generation Time: Feb 01, 2023 at 06:53 PM
-- Server version: 10.4.27-MariaDB
-- PHP Version: 8.0.25

SET SQL_MODE = "NO_AUTO_VALUE_ON_ZERO";
START TRANSACTION;
SET time_zone = "+00:00";


/*!40101 SET @OLD_CHARACTER_SET_CLIENT=@@CHARACTER_SET_CLIENT */;
/*!40101 SET @OLD_CHARACTER_SET_RESULTS=@@CHARACTER_SET_RESULTS */;
/*!40101 SET @OLD_COLLATION_CONNECTION=@@COLLATION_CONNECTION */;
/*!40101 SET NAMES utf8mb4 */;

--
-- Database: `club`
--

-- --------------------------------------------------------

--
-- Table structure for table `class`
--

CREATE TABLE `class` (
  `class_id` varchar(20) NOT NULL,
  `class_name` varchar(20) DEFAULT NULL,
  `class_schedule` varchar(10) DEFAULT NULL,
  `class_timing` varchar(20) NOT NULL
) ENGINE=InnoDB DEFAULT CHARSET=latin1 COLLATE=latin1_swedish_ci;

--
-- Dumping data for table `class`
--

INSERT INTO `class` (`class_id`, `class_name`, `class_schedule`, `class_timing`) VALUES
('c1', 'Zumba', 'Monday', '12.00'),
('c2', 'PILATES', 'saturday', '06:30'),
('c3', 'AEROBICS', 'wednesday', '19:00'),
('c4', 'Cross fit', 'Tuesday', '10.00'),
('c5', 'MEDITATION', 'thursday', '16:00');

-- --------------------------------------------------------

--
-- Table structure for table `instructor`
--

CREATE TABLE `instructor` (
  `instructor_id` varchar(20) NOT NULL,
  `name` varchar(20) DEFAULT NULL,
  `mobileno` varchar(10) DEFAULT NULL
) ENGINE=InnoDB DEFAULT CHARSET=latin1 COLLATE=latin1_swedish_ci;

--
-- Dumping data for table `instructor`
--

INSERT INTO `instructor` (`instructor_id`, `name`, `mobileno`) VALUES
('I1', 'George', '8277051889'),
('I2', 'Tanveer', '7022530027'),
('I3', 'Wong Lee', '8792251732'),
('I4', 'Kiran Das', '7483115979'),
('I5', 'Harry Styles', '9741737758');

-- --------------------------------------------------------

--
-- Table structure for table `login`
--

CREATE TABLE `login` (
  `id` int(10) NOT NULL,
  `uname` varchar(30) NOT NULL,
  `pwd` varchar(30) NOT NULL
) ENGINE=InnoDB DEFAULT CHARSET=latin1 COLLATE=latin1_swedish_ci;

--
-- Dumping data for table `login`
--

INSERT INTO `login` (`id`, `uname`, `pwd`) VALUES
(1, 'admin', 'admin');

-- --------------------------------------------------------

--
-- Table structure for table `member`
--

CREATE TABLE `member` (
  `mem_id` varchar(20) NOT NULL,
  `name` varchar(30) DEFAULT NULL,
  `dob` varchar(20) DEFAULT NULL,
  `age` varchar(20) DEFAULT NULL,
  `package` varchar(10) DEFAULT NULL,
  `mobileno` varchar(10) DEFAULT NULL,
  `pay_id` varchar(20) DEFAULT NULL,
  `instructor_id` varchar(20) DEFAULT NULL,
  `class_id` varchar(20) NOT NULL
) ENGINE=InnoDB DEFAULT CHARSET=latin1 COLLATE=latin1_swedish_ci;

--
-- Dumping data for table `member`
--

INSERT INTO `member` (`mem_id`, `name`, `dob`, `age`, `package`, `mobileno`, `pay_id`, `instructor_id`, `class_id`) VALUES
('M1', 'Aditya', '1996-12-05', '26', '5200', '9845737879', 'Payment2', 'I1', 'c2'),
('M2', 'sam', '2001-08-18', '21', '4800', '8277051889', 'Payment1', 'I4', 'c5'),
('M3', 'Chirag', '2000-10-25', '22', '6400', '9036161751', 'Payment5', 'I5', 'c3'),
('M4', 'vamshi', '1999-12-30', '22', '5400', '9966996699', 'Payment4', 'I3', 'c4'),
('M5', 'Veeresh', '1997-12-27', '25', '6000', '9901177692', 'Payment3', 'I2', 'c1');

-- --------------------------------------------------------

--
-- Table structure for table `payment`
--

CREATE TABLE `payment` (
  `pay_id` varchar(20) NOT NULL,
  `amount` varchar(20) DEFAULT NULL,
  `mem_id` varchar(20) DEFAULT NULL
) ENGINE=InnoDB DEFAULT CHARSET=latin1 COLLATE=latin1_swedish_ci;

--
-- Dumping data for table `payment`
--

INSERT INTO `payment` (`pay_id`, `amount`, `mem_id`) VALUES
('Payment1', '5200', 'M2'),
('Payment2', '4800', 'M1'),
('Payment3', '6400', 'M5'),
('Payment4', '5400', 'm4'),
('Payment5', '6000', 'M3');

--
-- Indexes for dumped tables
--

--
-- Indexes for table `class`
--
ALTER TABLE `class`
  ADD PRIMARY KEY (`class_id`);

--
-- Indexes for table `instructor`
--
ALTER TABLE `instructor`
  ADD PRIMARY KEY (`instructor_id`);

--
-- Indexes for table `login`
--
ALTER TABLE `login`
  ADD PRIMARY KEY (`id`);

--
-- Indexes for table `member`
--
ALTER TABLE `member`
  ADD PRIMARY KEY (`mem_id`),
  ADD KEY `pay_id` (`pay_id`),
  ADD KEY `instructor_id` (`instructor_id`),
  ADD KEY `class_id` (`class_id`);

--
-- Indexes for table `payment`
--
ALTER TABLE `payment`
  ADD PRIMARY KEY (`pay_id`),
  ADD KEY `mem_id` (`mem_id`);

--
-- AUTO_INCREMENT for dumped tables
--

--
-- AUTO_INCREMENT for table `login`
--
ALTER TABLE `login`
  MODIFY `id` int(10) NOT NULL AUTO_INCREMENT, AUTO_INCREMENT=2;

--
-- Constraints for dumped tables
--

--
-- Constraints for table `member`
--
ALTER TABLE `member`
  ADD CONSTRAINT `member_ibfk_1` FOREIGN KEY (`pay_id`) REFERENCES `payment` (`pay_id`),
  ADD CONSTRAINT `member_ibfk_2` FOREIGN KEY (`instructor_id`) REFERENCES `instructor` (`instructor_id`),
  ADD CONSTRAINT `member_ibfk_3` FOREIGN KEY (`class_id`) REFERENCES `class` (`class_id`);

--
-- Constraints for table `payment`
--
ALTER TABLE `payment`
  ADD CONSTRAINT `payment_ibfk_1` FOREIGN KEY (`mem_id`) REFERENCES `member` (`mem_id`);
COMMIT;

/*!40101 SET CHARACTER_SET_CLIENT=@OLD_CHARACTER_SET_CLIENT */;
/*!40101 SET CHARACTER_SET_RESULTS=@OLD_CHARACTER_SET_RESULTS */;
/*!40101 SET COLLATION_CONNECTION=@OLD_COLLATION_CONNECTION */;
